fafb,mcns,maol
720575940628908548,10157,10046
720575940603404834,21615,23597
720575940604807392,22017,29322
720575940605087404,24288,30164
720575940605338336,26513,30352
720575940605813350,34128,30990
720575940605955174,34230,31534
720575940606104254,37482,31589
720575940606213664,37795,32030
720575940606562481,38440,32278
720575940606862281,39993,33106
720575940606925489,40423,33279
720575940607081346,45923,33355
720575940607147721,46952,33472
720575940607344476,48804,33542
720575940607462274,53277,33616
720575940607664585,58533,33690
720575940607988146,62734,34258
720575940608419676,62747,34706
720575940608866571,63409,35091
720575940609117451,64630,35323
720575940609228757,65271,35620
720575940609545411,65553,36070
720575940609567957,65823,36196
720575940609635886,65883,36199
720575940609711811,66324,36253
720575940609848021,67814,36293
720575940609940178,68153,36492
720575940610377028,68848,38186
720575940610535236,69388,38433
720575940610756465,69432,39387
720575940611113592,70471,39556
720575940611129720,70512,39621
720575940611239378,71647,40015
720575940611260114,71939,40506
720575940611281870,72263,40521
720575940611480440,72333,41109
720575940611592398,73589,41669
720575940611643256,73912,42606
720575940611646584,74479,42876
720575940612079054,74823,43138
720575940612316634,74939,43677
720575940612319125,76273,43994
720575940612376306,76471,46914
720575940612400753,77235,47317
720575940612637077,77652,47584
720575940612669682,77744,49150
720575940612720691,78511,49154
720575940612825770,78530,49905
720575940612868019,78699,50272
720575940612989849,78896,50407
720575940613055090,79343,50489
720575940613068970,79394,50543
720575940613176239,79621,51260
720575940613246322,79900,51427
720575940613427058,80460,51493
720575940613464434,82902,52213
720575940613633576,83134,52563
720575940613803378,83258,52797
720575940614013438,83916,52887
720575940614113331,85559,52979
720575940614137255,86524,53092
720575940614190376,86689,54083
720575940614221283,87498,54131
720575940614255341,87529,54158
720575940614351075,87942,54191
720575940614465199,90906,54225
720575940614587538,92350,54855
720575940614588926,93242,55251
720575940614655538,93421,55343
720575940614760338,94205,55758
720575940615005351,94252,55871
720575940615105130,94858,57633
720575940615190993,94871,57685
720575940615248790,95630,57855
720575940615420327,95730,57939
720575940615545922,95786,58064
720575940615594399,96333,58195
720575940615730026,96518,58601
720575940615753099,96530,59160
720575940616189841,96719,59774
720575940616264646,97196,60010
720575940616298290,98025,60042
720575940616321492,98284,60311
720575940616332742,98567,60577
720575940616333457,99342,60737
720575940616392276,99888,61477
720575940616715421,101202,61491
720575940616755798,101269,61511
720575940617161787,101415,62091
720575940617234059,101523,62130
720575940617307275,101972,62366
720575940617365597,102026,62584
720575940617388427,102115,62825
720575940617469021,102503,63339
720575940617508281,102562,63404
720575940617537681,102777,64084
720575940617557794,102792,64534
720575940617574585,103230,64679
720575940617756283,103859,65107
720575940617783581,103872,65191
720575940617852573,104030,65214
720575940617972198,104408,65411
720575940618040404,104584,65442
720575940618146875,105127,65583
720575940618193665,105236,65591
720575940618244898,105776,66626
720575940618270754,105794,66777
720575940618271316,106102,66981
720575940618324564,106283,67083
720575940618365725,106324,67519
720575940618454848,106596,70752
720575940618502091,107816,70925
720575940618601893,107822,71203
720575940618757686,108058,72834
720575940618780752,108293,73192
720575940619105600,108336,75187
720575940619262331,108359,75847
720575940619262844,108523,76204
720575940619285163,109849,76836
720575940619427163,109933,77978
720575940619452027,109958,78007
720575940619584064,110178,78190
720575940619588918,110242,78218
720575940619629141,110301,78952
720575940619763309,110432,78961
720575940619862987,110549,79787
720575940619907633,110631,81041
720575940619954648,111059,81378
720575940619975765,111152,82299
720575940620010712,111366,82959
720575940620031111,111376,82979
720575940620045771,111479,83116
720575940620075686,111679,83207
720575940620115316,111751,83320
720575940620191764,111832,83698
720575940620227823,111893,83779
720575940620402718,112045,83954
720575940620441680,112050,83972
720575940620489094,112095,84318
720575940620657543,112307,84415
720575940620692103,112327,85889
720575940620806571,112335,86371
720575940620833627,112495,86509
720575940620862703,112972,86617
720575940620864289,113066,86984
720575940620865473,113105,87010
720575940620880832,113146,87208
720575940620940820,113158,87349
720575940620960902,113292,87894
720575940620963931,113370,88135
720575940621002918,113445,88148
720575940621068404,113504,88149
720575940621305953,113505,88320
720575940621347750,113747,88410
720575940621348272,113774,88713
720575940621425134,114034,88716
720575940621478765,114054,88765
720575940621582145,114149,88850
720575940621638832,114339,88880
720575940621642630,114350,89059
720575940621674356,114481,89062
720575940621687668,114805,89177
720575940621705754,114857,89417
720575940621785727,114998,89688
720575940621796084,115123,89784
720575940621804927,115332,89881
720575940621885556,115557,89901
720575940621885567,115676,90036
720575940621906312,115888,90380
720575940621949957,116547,90590
720575940622063487,116660,90600
720575940622077300,116664,90976
720575940622077722,116684,91076
720575940622117572,116854,91410
720575940622183457,116891,91414
720575940622260830,116911,91443
720575940622355836,117015,91766
720575940622362845,117062,91803
720575940622393014,117177,92010
720575940622453175,117181,92241
720575940622461978,117893,92467
720575940622574972,118498,92502
720575940622586145,119089,92588
720575940622735740,119130,92660
720575940622760918,119424,92878
720575940622910678,119458,92954
720575940622998742,119912,93107
720575940623049752,120162,93130
720575940623250200,120228,93623
720575940623305229,120329,93720
720575940623445517,120608,93781
720575940623467533,120912,93804
720575940623473895,121001,93845
720575940623575507,121127,94012
720575940623688455,122181,94133
720575940623733386,122229,94203
720575940623733700,122556,94344
720575940623742972,123114,94357
720575940623897382,123755,94443
720575940623945997,124523,94446
720575940623958313,124736,94492
720575940623999999,125068,94813
720575940624092868,125133,94939
720575940624149685,125152,95160
720575940624213501,125660,95270
720575940624307208,125914,95293
720575940624327402,125924,95322
720575940624573222,126960,95429
720575940624673515,127137,95501
720575940624743147,127667,95658
720575940624766503,128295,95798
720575940624817726,128382,95813
720575940624865575,128518,95870
720575940624940132,128640,96078
720575940625039335,128715,96726
720575940625253257,129041,96821
720575940625263091,129282,96972
720575940625412414,129300,97168
720575940625851536,129393,97287
720575940625905678,129634,97629
720575940625944252,129793,97635
720575940625971900,129995,97673
720575940625983038,130037,97685
720575940626011952,130236,97809
720575940626113854,130379,98078
720575940626151461,130428,98398
720575940626215568,130492,98585
720575940626219620,130501,98787
720575940626237386,130857,99174
720575940626272002,130898,99286
720575940626293379,130983,99731
720575940626293808,131211,100414
720575940626311461,132122,100520
720575940626373182,132233,100688
720575940626408650,133048,100935
720575940626439866,133085,100946
720575940626465594,133421,101801
720575940626487226,133961,101957
720575940626563844,134170,102045
720575940626690960,135145,102273
720575940626696548,135367,102595
720575940626799356,135601,102886
720575940626871396,136264,103655
720575940627056113,136338,103725
720575940627070308,136491,103974
720575940627145861,136802,104063
720575940627238430,136840,104227
720575940627248280,136851,104471
720575940627408773,137009,104486
720575940627411593,137104,104551
720575940627490703,137337,104674
720575940627510544,137362,104901
720575940627531651,137526,105411
720575940627561605,137785,105416
720575940627622673,138114,105553
720575940627642757,138172,106472
720575940627644693,138239,106528
720575940627652629,138587,106716
720575940627723645,138844,106973
720575940627750555,138888,107117
720575940627908455,139112,107247
720575940627913220,139385,107331
720575940627943172,140325,107397
720575940627958534,140424,107610
720575940627965031,140486,107796
720575940628000399,140886,108050
720575940628027800,141478,108076
720575940628028797,141572,108179
720575940628035605,141649,108455
720575940628205705,141686,108562
720575940628227465,142108,108639
720575940628291349,142208,108764
720575940628339912,142283,108872
720575940628365052,142373,108895
720575940628484907,142602,109001
720575940628516355,143459,109281
720575940628568514,143486,109727
720575940628791114,143547,109739
720575940628800784,143608,109854
720575940628807683,143742,110131
720575940628988007,143744,110218
720575940629099343,144439,110278
720575940629138025,145243,110321
720575940629231888,145676,110352
720575940629267564,145850,110609
720575940629339751,146174,111188
720575940629493863,146919,111619
720575940629612226,147363,111639
720575940629774071,147478,112570
720575940629781698,147663,113130
720575940629919788,147740,113159
720575940630204202,148307,113218
720575940630204476,148506,113234
720575940630254583,148534,113598
720575940630272411,148594,113624
720575940630273150,148639,113631
720575940630299434,148717,113793
720575940630334787,149288,113892
720575940630372603,149451,114154
720575940630451415,149871,114255
720575940630509116,149879,114413
720575940630606137,150070,114589
720575940630946647,150327,114854
720575940631024687,150444,115189
720575940631037015,150456,115512
720575940631125156,150461,115535
720575940631175030,151008,115797
720575940631217751,151079,115922
720575940631372406,151697,117267
720575940631626514,151961,117661
720575940631629899,152135,117672
720575940631731523,152469,117708
720575940631735826,152708,117779
720575940631773226,154385,118025
720575940631876153,154713,118068
720575940631906360,154757,118115
720575940631992623,155495,118810
720575940632007224,155662,118908
720575940632110543,155800,119340
720575940632209199,155856,119410
720575940632321355,155984,119933
720575940632335500,156418,120171
720575940632407265,157543,120299
720575940632426660,157808,121548
720575940632668753,157994,121683
720575940632678687,161349,122180
720575940632743751,163479,122272
720575940632781139,164251,122689
720575940632874029,165090,122872
720575940632898444,166048,122927
720575940632913965,166088,123133
720575940632950948,166177,123305
720575940632959132,166875,123338
720575940633121692,168200,123393
720575940633202914,169581,124302
720575940633203620,169852,124326
720575940633217607,171500,124709
720575940633275874,171871,125042
720575940633321954,172416,125577
720575940633427155,172714,126296
720575940633668322,173860,126503
720575940633798335,174164,127053
720575940633836954,176330,127328
720575940633985436,176579,127534
720575940634198684,177347,127612
720575940634350584,179499,127619
720575940634672736,179663,127726
720575940634688156,180844,128221
720575940634732439,181579,128587
720575940634788448,181615,128620
720575940634922859,181830,129376
720575940635198815,185021,129471
720575940635292351,185350,130570
720575940635551840,185678,131233
720575940635868596,187352,132220
720575940635928939,188071,132544
720575940635934456,190215,132620
720575940636105327,192417,133649
720575940636835703,192746,136676
720575940637167205,194530,136816
720575940637414975,195505,138276
720575940637626480,195689,138734
720575940637680782,196297,138916
720575940637744752,196627,138954
720575940637960158,197271,139150
720575940638137065,199300,139532
720575940638144602,201344,139701
720575940638180186,201724,139750
720575940638182889,201985,139969
720575940638493156,206217,140796
720575940638678854,206684,142036
720575940638690118,207853,142626
720575940638923492,209858,144564
720575940638958707,210043,145128
720575940639023962,210886,146008
720575940639075517,212192,146050
720575940639124814,43822,146566
720575940639283765,44988,146611
720575940639477107,45509,146905
720575940639931480,49386,147023
720575940640064163,53928,148997
720575940640170328,54395,149457
720575940640355536,56326,150268
720575940640376947,59768,150308
720575940640738648,60693,150358
720575940640758912,62968,150561
720575940641234421,67902,151906
720575940641341685,71107,152173
720575940641586139,71274,152297
720575940641752309,71377,153081
720575940641982683,72588,153194
720575940644030830,73631,153364
720575940644315080,76597,153984
720575940644736456,82462,154024
720575940644763684,84943,156268
720575940644951844,85599,156783
720575940645193764,87206,156841
720575940645570071,88509,157595
720575940645636375,88546,157993
720575940646966819,88807,159516
720575940647158819,90463,159972
720575940647389236,93438,160081
720575940647596164,93695,160978
720575940650290809,94711,22180
720575940652927990,95445,27381
720575940653561334,95582,28145
720575940654782625,96128,29174
720575940655307681,96359,30235
720575940660514945,97281,30824
720575940660619649,98440,30950
720575940605629356,98828,31198
720575940605681073,98989,31764
720575940606776706,100248,32053
720575940607022722,100395,33032
720575940607363593,100907,33444
720575940607596162,100984,33586
720575940608155605,101319,34310
720575940608872131,101420,34680
720575940608896779,101930,35760
720575940610412078,101943,35937
720575940610841976,101991,36306
720575940611462350,102491,37011
720575940611860578,103572,37862
720575940612008154,103660,37989
720575940612358579,103951,38335
720575940612485489,103964,38650
720575940612845721,104542,40074
720575940613262870,104835,40136
720575940613271779,105311,41056
720575940613551853,105769,41454
720575940614261555,106041,41636
720575940614366111,107177,41847
720575940615488834,108263,43010
720575940615647634,108413,43735
720575940616433269,108951,44955
720575940616675033,109237,46227
720575940616811220,109954,46450
720575940617118533,110058,46584
720575940617253435,110811,48391
720575940617294166,111281,48747
720575940617599193,111358,49514
720575940617645213,111533,50331
720575940617656610,111546,50651
720575940617780153,112117,50965
720575940617910804,112207,51312
720575940618349825,112301,51398
720575940618509851,112373,52134
720575940618722112,112691,53228
720575940618906270,112708,53516
720575940618984606,113201,53724
720575940619101248,113765,53855
720575940619280320,114085,54334
720575940619567969,114180,55038
720575940619592395,114228,55039
720575940619680472,114673,55173
720575940619842901,114725,55503
720575940619943845,115026,56371
720575940620152199,115088,57290
720575940620368587,115306,57737
720575940620700190,115379,57847
720575940620914017,115448,57860
720575940620928390,116053,58170
720575940620988654,116988,58544
720575940621220590,117395,58866
720575940621381723,117488,59587
720575940621412518,117979,59689
720575940622031130,118098,59759
720575940622349388,118202,59855
720575940622719564,118783,59956
720575940622720717,118989,60195
720575940623073532,119200,60281
720575940623357222,120394,61132
720575940623502323,121353,61890
720575940623535340,121482,62000
720575940623571711,121655,62308
720575940623672979,123183,62896
720575940623972076,123188,63777
720575940624081993,123625,63984
720575940624293895,123668,64112
720575940624317367,123714,65855
720575940624717053,123742,66190
720575940624811708,124494,66862
720575940624829927,124515,67054
720575940624936171,125054,67846
720575940624962062,126686,68097
720575940625027260,127001,68117
720575940625095205,127823,68584
720575940625148199,127890,70438
720575940625260839,128280,72618
720575940625297916,129028,73025
720575940625523436,129547,74000
720575940625626638,130592,76114
720575940626543893,130643,78786
720575940626551994,132576,79501
720575940626692389,132853,79519
720575940626724400,132998,81387
720575940626724414,133089,81785
720575940626834584,133341,83525
720575940626914759,133374,83871
720575940626915109,133576,87302
720575940626951811,133680,87381
720575940627033354,133934,87849
720575940627395868,134864,87925
720575940627427600,134880,88621
720575940627530756,135240,88743
720575940627616277,136178,89422
720575940627624977,136662,89486
720575940627705426,137146,90133
720575940627758858,138978,90824
720575940628263686,139135,91014
720575940628550087,140008,91034
720575940628609788,140526,91856
720575940628819399,141012,92412
720575940629124355,141059,92650
720575940629205035,141192,92755
720575940629477627,141270,92891
720575940629553487,141985,93271
720575940630747356,142694,93318
720575940630851900,143278,93479
720575940630982796,143600,94103
720575940631001903,144426,94138
720575940631189622,144987,94260
720575940631383594,145561,94576
720575940631394245,147063,94720
720575940631484411,147259,95259
720575940631973903,147500,95470
720575940632123020,149940,95838
720575940632125521,150008,95902
720575940632521273,150904,95937
720575940633696723,151121,96005
720575940633822690,151319,96016
720575940634198483,153837,96169
720575940634365852,155134,96215
720575940634959200,156882,96565
720575940635523007,158056,96625
720575940636073567,158074,96725
720575940636104811,158455,96953
720575940636484453,162743,97660
720575940636497118,164502,97790
720575940637711326,164991,97939
720575940638367834,168491,98117
720575940639176576,171737,98594
720575940639544373,172004,98597
720575940639605107,177497,99474
720575940639761213,180988,99979
720575940640009533,181343,100760
720575940640566845,186215,101574
720575940642688909,186976,102204
720575940643146788,188086,104080
720575940643147044,192855,104419
720575940644694564,199036,104430
720575940644711972,200176,104663
720575940645089646,203759,104820
720575940645312535,209509,105177
720575940645824110,212593,105580
720575940647533188,216496,106164
720575940649765497,30734,106245
720575940649880953,43109,106407
720575940650438009,45495,106665
720575940660639361,61342,106747
720575940603022304,63532,107689
720575940607076482,64692,107893
720575940610428484,66110,108101
720575940612258929,66918,108448
720575940615427650,70265,108474
720575940615459487,76737,109007
720575940615851167,78280,109308
720575940616000268,89679,109431
720575940617075798,89951,110514
720575940618618934,90993,110810
720575940619115077,97126,111806
720575940619431047,98413,113257
720575940619468086,98920,113403
720575940619970480,100840,113474
720575940620478959,100869,114693
720575940620595792,101400,115134
720575940621338278,102046,116538
720575940621530816,103250,116746
720575940622707895,106061,116974
720575940623388819,108330,117349
720575940623606227,108397,117401
720575940623745930,108908,117900
720575940624217385,109152,118645
720575940624477111,109178,118784
720575940624664819,109939,118844
720575940626143946,111953,119087
720575940626457034,112614,119172
720575940626820227,112629,119666
720575940627056202,113122,119672
720575940627633736,113614,120391
720575940628126024,114722,121335
720575940628467708,116372,122095
720575940629207056,117033,123555
720575940629788098,118552,125254
720575940629851436,120813,125333
720575940630173655,121560,125858
720575940630820396,124506,126086
720575940631115771,124878,127273
720575940631508175,126197,127665
720575940631619667,127295,128235
720575940632093068,127334,129721
720575940632158767,130065,130173
720575940632836435,130384,130652
720575940634284444,136374,131722
720575940635037082,136777,132645
720575940635633271,137121,132703
720575940635996015,138710,132793
720575940636121012,140251,134011
720575940636685157,143672,134565
720575940638195177,144196,135704
720575940639710835,144611,135872
720575940644015008,144846,136284
720575940646929187,145213,136474
720575940609139907,156156,138246
720575940611869206,156610,138285
720575940613547673,162252,139434
720575940613905583,168340,139548
720575940613940911,174402,139983
720575940615624972,179222,140724
720575940616361228,185995,141142
720575940619058772,187964,142822
720575940619201413,197828,143585
720575940619973323,198666,144822
720575940620393521,32564,144841
720575940620940097,40822,145298
720575940623271306,59327,146440
720575940623683255,60485,146674
720575940623776696,62317,147382
720575940624483592,63371,148696
720575940629152505,68021,149389
720575940629918661,71101,149672
720575940630971589,76081,150594
720575940631867715,87465,151577
720575940632258607,90636,153050
720575940632502543,93391,153561
720575940632871469,96506,156260
720575940635411307,96948,157275
720575940639772760,97526,160122
720575940644025248,99777,14919
720575940652675574,106851,28353
720575940604812465,111756,29028
720575940615743371,112397,29957
720575940617290582,115539,30761
720575940619192709,119554,31258
720575940619763915,121484,34403
720575940619877615,121657,34565
720575940620123477,125571,34690
720575940624422664,131345,35408
720575940630822522,131513,36084
720575940639293493,133329,36341
720575940647384884,136363,36511
720575940621731056,162609,37125
720575940622284070,175574,37389
720575940623758377,63988,37515
720575940621992820,64143,39652
720575940603390380,14326,21682
720575940603391778,16122,23678
720575940603544363,20607,23759
720575940604198828,24740,26252
720575940604495537,27389,26412
720575940604781490,32372,26581
720575940604959712,34810,26690
720575940604965548,39769,27066
720575940605073376,40511,27382
720575940605113056,43435,28053
720575940605140396,43914,28681
720575940605204960,43983,28783
720575940605426562,44889,28912
720575940605613926,45600,29436
720575940605676646,46863,29477
720575940605686956,47149,29500
720575940605737318,47218,29539
720575940605985382,49411,30233
720575940606014566,54430,30240
720575940606106801,56168,30416
720575940606192049,58569,30563
720575940606296497,59627,30589
720575940607049673,61503,30609
720575940607123145,61726,30701
720575940607175369,61827,30740
720575940607219634,62122,30861
720575940607288265,62454,31095
720575940607415817,62735,31133
720575940607509890,63096,31282
720575940607599305,63211,31441
720575940607612290,63393,31496
720575940607652738,63757,31633
720575940607678594,63796,31645
720575940607743154,63842,31653
720575940607867593,64314,31741
720575940608209842,65677,31749
720575940608302601,66213,31856
720575940608584457,66240,31962
720575940608632329,67183,31969
720575940608675932,68059,32011
720575940608695817,68426,32091
720575940608720597,68875,32119
720575940608872796,69057,32245
720575940608967179,69638,32280
720575940608972739,69886,32388
720575940609060107,71432,32462
720575940609083349,71481,32503
720575940609102805,72984,32711
720575940609137877,73199,32825
720575940609193227,73454,33080
720575940609227275,73627,33084
720575940609232341,73837,33126
720575940609270830,73952,33232
720575940609287945,73962,33272
720575940609289411,74315,33370
720575940609306819,74882,33395
720575940609653699,75202,33562
720575940609683651,75248,33647
720575940609863492,75430,33869
720575940610077635,75994,33912
720575940610100686,76521,33962
720575940610118468,76618,34235
720575940610428996,76795,34280
720575940610583342,77417,34497
720575940610584110,77532,34968
720575940610651694,77550,36894
720575940610689173,77995,37141
720575940610726190,78719,37169
720575940610937810,79188,37430
720575940610977746,79425,37533
720575940611030574,79491,37548
720575940611044910,79526,37998
720575940611090073,79630,38366
720575940611091058,80088,38739
720575940611125202,80444,39301
720575940611212441,81023,39432
720575940611225976,81119,39687
720575940611255250,81358,39894
720575940611287928,81454,40067
720575940611305678,81774,40078
720575940611363170,81798,40130
720575940611370872,81977,40718
720575940611423842,82999,41038
720575940611642210,83339,41229
720575940611652194,83533,41282
720575940611776113,83550,41290
720575940611851413,84208,41308
720575940611965138,84412,41958
720575940612067546,84497,42352
720575940612085909,84804,42762
720575940612103386,84950,42771
720575940612117978,85487,43633
720575940612268913,85910,43643
720575940612280945,86053,43834
720575940612330609,86080,43864
720575940612373198,86280,44106
720575940612404954,86771,44213
720575940612423386,86792,44363
720575940612477809,87079,45437
720575940612492211,87723,46147
720575940612507885,87895,46690
720575940612511658,88471,46947
720575940612618931,89219,47171
720575940612658984,89610,47204
720575940612664818,89847,47299
720575940612670361,90204,47643
720575940612673393,90424,48105
720575940612678130,90582,48885
720575940612684773,91215,48909
720575940612714901,91320,48913
720575940612726770,91560,49321
720575940612734131,92098,50223
720575940612737685,92240,50286
720575940612748146,92560,50520
720575940612757490,92587,50621
720575940612845590,92916,50871
720575940612863283,93005,50976
720575940612882906,93037,51169
720575940612885935,93324,51461
720575940612916338,93508,51599
720575940612975530,93516,51765
720575940612994582,93672,51776
720575940613034202,94123,51986
720575940613051365,94272,52109
720575940613085337,94469,52514
720575940613110442,94680,52545
720575940613152170,94764,52830
720575940613208293,94833,52929
720575940613273059,95130,53129
720575940613296554,95195,53194
720575940613317859,95372,53388
720575940613471090,95513,53396
720575940613521522,95595,54029
720575940613547501,95892,54050
720575940613550061,95943,54240
720575940613674280,95976,54442
720575940613742317,96023,54639
720575940613792493,96226,54743
720575940613803245,96361,55272
720575940613818664,96822,55509
720575940613867183,96854,55596
720575940613876776,96883,56060
720575940613936109,97312,56292
720575940613991391,97394,56636
720575940614019309,97417,57119
720575940614135215,97515,57285
720575940614141250,97536,57436
720575940614257298,97627,57604
720575940614275624,97745,57610
720575940614329666,97910,57635
720575940614341954,97937,58022
720575940614400510,97956,58313
720575940614448337,97994,58709
720575940614454183,98087,58823
720575940614557078,98292,59267
720575940614567731,98613,59271
720575940614667570,98639,59350
720575940614677702,98822,59484
720575940614695599,98842,59520
720575940614710737,98845,59830
720575940614771874,98909,60204
720575940614816150,98917,60357
720575940614932191,98986,60366
720575940614965906,99183,60550
720575940615002791,99188,60684
720575940615016098,99216,60785
720575940615028341,99242,61080
720575940615044094,99288,61118
720575940615061666,99318,61419
720575940615076002,99322,61755
720575940615093410,99530,61759
720575940615130218,99841,61815
720575940615144190,99876,62294
720575940615189407,99918,62358
720575940615198370,99944,62567
720575940615260428,99954,63002
720575940615270210,99999,63257
720575940615279510,100011,63263
720575940615297503,100027,63484
720575940615312746,100036,63495
720575940615315602,100055,63686
720575940615320994,100118,63751
720575940615338642,100270,63815
720575940615404694,100305,63962
720575940615425534,100416,65386
720575940615494722,100546,65531
720575940615518314,100559,65948
720575940615556246,100768,66035
720575940615571423,100791,66058
720575940615578783,100845,66408
720575940615590250,100903,67166
720575940615679850,100962,67200
720575940615686506,101086,67204
720575940615757122,101107,67306
720575940615880607,101150,67738
720575940615890235,101255,68233
720575940615928635,101294,68903
720575940615944854,101412,69448
720575940615958175,101467,69465
720575940616014348,101686,69670
720575940616066154,101760,69840
720575940616141378,101891,69864
720575940616149204,101924,70381
720575940616150203,101958,70984
720575940616276921,102003,71235
720575940616389430,102053,71455
720575940616479965,102173,71465
720575940616493243,102211,71597
720575940616500786,102303,72979
720575940616510325,102593,73209
720575940616536203,102761,73652
720575940616537461,102827,73749
720575940616595165,102848,73791
720575940616614742,102921,74317
720575940616683826,103089,75254
720575940616810582,103164,75672
720575940616825275,103175,75776
720575940616851643,103232,76020
720575940616891195,103238,76118
720575940616924428,103259,76252
720575940616944726,103486,76480
720575940616949109,103914,76519
720575940616982155,103975,76785
720575940616982411,103983,76828
720575940616985973,104041,77027
720575940617001266,104103,77165
720575940617039733,104175,77265
720575940617045365,104183,77361
720575940617056598,104280,77402
720575940617088837,104295,77511
720575940617099125,104355,78086
720575940617103163,104506,78108
720575940617108786,104556,78161
720575940617205590,104672,78383
720575940617259094,104804,78664
720575940617299003,104886,78675
720575940617345467,104921,78816
720575940617366155,104968,78846
720575940617414283,104971,78940
720575940617426496,105164,79274
720575940617437913,105196,79322
720575940617469277,105248,79588
720575940617509947,105481,79603
720575940617543124,105624,79676
720575940617545985,105691,79781
720575940617548177,105796,79828
720575940617557204,105853,80075
720575940617597881,105941,80142
720575940617607385,105963,80154
720575940617611481,106054,80501
720575940617686356,106080,80647
720575940617690041,106298,80662
720575940617694694,106423,80777
720575940617702868,106815,80785
720575940617777337,107050,80866
720575940617830289,107070,80881
720575940617840897,107178,81015
720575940617841297,107278,81301
720575940617865105,107302,81327
720575940617930241,107399,81342
720575940617951974,107612,81418
720575940617953793,107651,81480
720575940617963934,107667,81715
720575940617997917,107675,81734
720575940618091035,107774,81804
720575940618095650,107782,81812
720575940618100770,107868,81831
720575940618171677,107902,81887
720575940618199513,107994,81927
720575940618210305,108006,81938
720575940618257337,108032,82003
720575940618259357,108107,82145
720575940618262758,108212,82184
720575940618273821,108252,82931
720575940618305108,108272,83054
720575940618317617,108327,83060
720575940618317853,108350,83125
720575940618343252,108688,83171
720575940618345243,108750,83201
720575940618441812,108842,83209
720575940618482013,108917,83274
720575940618491805,108931,83302
720575940618511643,109009,83324
720575940618623181,109160,83373
720575940618632532,109442,83397
720575940618639189,109457,83545
720575940618682448,109605,83686
720575940618693154,109725,83689
720575940618714651,109733,83973
720575940618723397,109736,83986
720575940618730325,109777,84264
720575940618751045,109779,84292
720575940618752837,109962,84478
720575940618769054,110085,84520
720575940618881950,110101,84753
720575940618905246,110136,84851
720575940618906790,110195,84857
720575940618908062,110240,84878
720575940618920395,110318,84918
720575940618933149,110319,85026
720575940619077445,110346,85140
720575940619122512,110350,85248
720575940619144571,110441,85369
720575940619232704,110469,85611
720575940619260470,110478,85695
720575940619260795,110541,85716
720575940619302454,110550,86027
720575940619320188,110597,86117
720575940619324283,110617,86195
720575940619334966,110668,86242
720575940619336256,110717,86343
720575940619361445,110779,86398
720575940619376856,110933,86582
720575940619408219,110986,86696
720575940619444603,110993,86786
720575940619451887,110995,86807
720575940619469214,111005,87098
720575940619568478,111009,87196
720575940619594545,111031,87315
720575940619646685,111066,87429
720575940619679425,111081,87520
720575940619684918,111153,87847
720575940619738584,111166,87869
720575940619772062,111202,87994
720575940619792589,111208,88659
720575940619818033,111258,88816
720575940619833816,111276,88821
720575940619835953,111390,88930
720575940619906251,111485,88934
720575940619930929,111580,88985
720575940619934680,111617,88998
720575940619958699,111642,89023
720575940619963697,111712,89025
720575940619987659,111715,89138
720575940619997269,111838,89147
720575940620018256,111863,89167
720575940620032336,112021,89378
720575940620035664,112037,89429
720575940620049488,112123,89535
720575940620055768,112202,89569
720575940620108411,112282,89592
720575940620176263,112309,89693
720575940620182321,112368,89790
720575940620194951,112372,89845
720575940620210054,112544,89892
720575940620210512,112587,89953
720575940620285131,112637,89954
720575940620363355,112639,89963
720575940620418836,112655,90008
720575940620427712,112679,90016
720575940620440199,112731,90120
720575940620443156,112800,90158
720575940620471893,112802,90258
720575940620486336,112862,90293
720575940620497279,112890,90311
720575940620575085,112931,90340
720575940620607508,112957,90371
720575940620627439,113187,90520
720575940620634096,113205,90597
720575940620652016,113295,90609
720575940620655087,113360,90688
720575940620656775,113362,90719
720575940620657428,113373,90733
720575940620657799,113503,90760
720575940620702703,113551,90779
720575940620727022,113552,90834
720575940620749249,113554,90877
720575940620749761,113556,90888
720575940620750273,113561,90926
720575940620754285,113577,91118
720575940620766702,113637,91253
720575940620788672,113726,91328
720575940620816299,113763,91345
720575940620826492,113944,91392
720575940620885441,114143,91434
720575940620886406,114412,91474
720575940620909806,114434,91732
720575940620920411,114501,91746
720575940620931931,114512,91798
720575940620952948,114533,91827
720575940620967039,114543,91913
720575940620971691,114690,91933
720575940621017771,114692,92000
720575940621023214,114701,92007
720575940621079393,114768,92046
720575940621091425,114822,92054
720575940621092955,114825,92071
720575940621096801,114841,92114
720575940621243073,114915,92141
720575940621244781,114975,92171
720575940621266017,115107,92258
720575940621307073,115172,92356
720575940621311965,115206,92395
720575940621314480,115250,92439
720575940621332596,115272,92577
720575940621368496,115324,92592
720575940621388982,115387,92706
720575940621393830,115465,92805
720575940621413729,115506,92820
720575940621439216,115523,92839
720575940621447406,115530,92935
720575940621474486,115590,93021
720575940621482678,115605,93166
720575940621489846,115784,93214
720575940621511796,115851,93390
720575940621514166,115861,93408
720575940621520756,115886,93458
720575940621549172,115908,93499
720575940621564763,115940,93556
720575940621592558,115947,93630
720575940621601857,115975,93668
720575940621636084,116088,93670
720575940621641392,116124,93673
720575940621642612,116182,93816
720575940621651233,116219,93826
720575940621673933,116301,93858
720575940621678196,116305,93879
720575940621689838,116417,93920
720575940621693616,116418,93923
720575940621714928,116489,94011
720575940621833142,116545,94199
720575940621842928,116578,94290
720575940621867041,116742,94498
720575940621890440,116810,94558
720575940621892702,116885,94567
720575940621909680,116918,94831
720575940621956212,116937,94934
720575940621962918,116948,94959
720575940621963958,117118,94973
720575940621964784,117158,94975
720575940622006554,117167,94983
720575940622013680,117354,95029
720575940622042550,117368,95182
720575940622046241,117467,95242
720575940622084212,117537,95345
720575940622084929,117696,95503
720575940622143770,117793,95531
720575940622200097,117803,95596
720575940622277726,117847,95614
720575940622283814,117850,95664
720575940622291068,117851,95666
720575940622294878,118108,95679
720575940622308869,118134,95811
720575940622329008,118195,95883
720575940622330444,118205,96105
720575940622334844,118230,96126
720575940622341363,118235,96240
720575940622353078,118261,96265
720575940622362589,118395,96310
720575940622371077,118414,96416
720575940622377343,118475,96424
720575940622377421,118476,96434
720575940622403361,118601,96484
720575940622405770,118694,96615
720575940622431582,118695,96671
720575940622443034,118723,96778
720575940622458838,118727,96828
720575940622566870,118755,96845
720575940622606867,118757,96884
720575940622609246,118777,97086
720575940622610183,118787,97186
720575940622626328,118800,97249
720575940622636876,118819,97268
720575940622638204,119032,97296
720575940622653957,119034,97315
720575940622671367,119156,97359
720575940622695774,119306,97408
720575940622714119,119343,97453
720575940622715319,119349,97529
720575940622750941,119374,97595
720575940622767692,119395,97599
720575940622776088,119623,97640
720575940622786437,119640,97703
720575940622806920,119644,97731
720575940622821658,119716,97792
720575940622843113,119812,98023
720575940622849356,119859,98027
720575940622854837,120005,98031
720575940622867895,120084,98177
720575940622912491,120132,98224
720575940622929885,120145,98246
720575940622939272,120190,98448
720575940622956105,120278,98467
720575940622974173,120337,98534
720575940623025663,120389,98663
720575940623026764,120470,98788
720575940623037466,120720,98790
720575940623067980,120751,98791
720575940623089434,120835,98886
720575940623089946,120846,98887
720575940623108129,120871,98949
720575940623159134,121060,98965
720575940623214474,121137,99011
720575940623224200,121242,99046
720575940623227747,121247,99125
720575940623249702,121274,99131
720575940623253005,121337,99146
720575940623253640,121387,99235
720575940623319651,121431,99246
720575940623331464,121486,99268
720575940623348694,121624,99387
720575940623377357,121715,99514
720575940623380749,121750,99537
720575940623381453,121777,99582
720575940623398157,121819,99592
720575940623400472,122033,99615
720575940623452455,122099,99628
720575940623477272,122122,99655
720575940623483350,122159,99953
720575940623483606,122274,99991
720575940623519635,122380,100050
720575940623522500,122389,100105
720575940623538787,122401,100195
720575940623560959,122508,100206
720575940623572774,122545,100261
720575940623587622,122724,100274
720575940623593571,122771,100342
720575940623605907,122793,100396
720575940623621926,122807,100442
720575940623628070,122814,100512
720575940623647880,122897,100599
720575940623655423,122915,100701
720575940623660799,122970,100745
720575940623678698,123068,100774
720575940623694058,123082,100780
720575940623717001,123179,100874
720575940623729190,123210,100884
720575940623738820,123229,100890
720575940623753254,123230,100956
720575940623762826,123391,101001
720575940623774652,123395,101230
720575940623778186,123442,101302
720575940623783167,123444,101340
720575940623805674,123573,101379
720575940623827338,123588,101430
720575940623855145,123687,101446
720575940623937258,123707,101533
720575940623941354,123727,101589
720575940623965587,123747,101685
720575940623986615,123806,101709
720575940624017159,123873,101721
720575940624029437,123917,101765
720575940624038182,123941,101774
720575940624101895,124028,101864
720575940624104117,124145,101865
720575940624104632,124165,101879
720575940624105933,124253,102123
720575940624115789,124350,102126
720575940624140617,124590,102276
720575940624164284,124592,102329
720575940624169769,124619,102345
720575940624194229,124683,102383
720575940624208381,124686,102421
720575940624231677,124713,102524
720575940624237571,124761,102544
720575940624267923,124785,102585
720575940624271851,124859,102643
720575940624280137,124870,102781
720575940624349734,124874,102783
720575940624395016,124892,102791
720575940624446717,124905,102821
720575940624454664,124974,102905
720575940624467197,125149,102983
720575940624482195,125166,103008
720575940624486635,125189,103108
720575940624497405,125338,103141
720575940624504042,125384,103182
720575940624617959,125490,103303
720575940624638472,125497,103333
720575940624651499,125565,103343
720575940624653547,125629,103365
720575940624720788,125633,103367
720575940624753383,125683,103376
720575940624770231,125692,103408
720575940624812519,125711,103585
720575940624832841,125718,103618
720575940624834539,125727,103636
720575940624876730,125788,103813
720575940624909319,125853,103870
720575940624918334,125909,103933
720575940624920980,125950,104070
720575940624931260,125997,104123
720575940624939708,126034,104336
720575940624948775,126079,104370
720575940624960776,126147,104379
720575940624975288,126235,104498
720575940624989076,126317,104612
720575940625018382,126346,104621
720575940625021960,126399,104700
720575940625026637,126454,104731
720575940625044715,126461,104772
720575940625054460,126480,104793
720575940625061611,126627,104878
720575940625095828,126651,104905
720575940625099597,126668,104911
720575940625113580,126688,104915
720575940625119723,126950,104936
720575940625133543,127010,105165
720575940625171431,127052,105202
720575940625176764,127118,105279
720575940625203699,127167,105288
720575940625232906,127307,105389
720575940625238861,127335,105412
720575940625253619,127409,105516
720575940625267431,127547,105574
720575940625270932,127570,105648
720575940625276140,127601,105671
720575940625279731,127631,105731
720575940625306812,127669,105757
720575940625347879,127715,105828
720575940625366503,127796,105850
720575940625426190,127840,105857
720575940625468967,127986,106114
720575940625472952,128083,106200
720575940625489445,128087,106303
720575940625492007,128107,106360
720575940625547708,128132,106409
720575940625634968,128143,106424
720575940625675790,128168,106436
720575940625696333,128255,106496
720575940625867466,128311,106501
720575940625916444,128354,106512
720575940625934375,128376,106535
720575940625954341,128399,106586
720575940625991994,128440,106664
720575940625993776,128489,106666
720575940626034435,128501,106790
720575940626046723,128651,106840
720575940626056344,128713,106936
720575940626062268,128820,106992
720575940626123194,128824,106995
720575940626134026,128837,107005
720575940626157578,128863,107031
720575940626158384,128927,107094
720575940626161712,128945,107132
720575940626179216,129067,107159
720575940626236293,129219,107305
720575940626249930,129262,107337
720575940626256740,129273,107354
720575940626296337,129347,107379
720575940626337342,129358,107442
720575940626347466,129413,107507
720575940626364734,129632,107591
720575940626393677,129637,107609
720575940626401573,129646,107763
720575940626463550,129647,107832
720575940626465667,129745,107858
720575940626502970,129750,107874
720575940626539010,129986,107940
720575940626561679,129999,108038
720575940626632450,130023,108068
720575940626649786,130073,108110
720575940626680337,130141,108162
720575940626683338,130158,108168
720575940626695811,130296,108185
720575940626697758,130346,108346
720575940626755330,130405,108501
720575940626769560,130463,108563
720575940626781028,130545,108635
720575940626796388,130559,108662
720575940626797913,130668,108724
720575940626819356,130682,108822
720575940626820636,130918,108834
720575940626838147,130924,108847
720575940626903298,130965,108928
720575940626906686,130990,108989
720575940626913223,131091,109183
720575940626921502,131171,109242
720575940626947736,131239,109266
720575940626972106,131256,109336
720575940626984073,131403,109365
720575940627068568,131408,109384
720575940627090265,131458,109418
720575940627098634,131487,109503
720575940627127129,131535,109539
720575940627138137,131711,109572
720575940627159070,131832,109589
720575940627175623,132037,109590
720575940627179913,132059,109645
720575940627208647,132119,109711
720575940627211786,132228,109721
720575940627251864,132337,109785
720575940627254873,132367,109845
720575940627262739,132408,109889
720575940627277587,132433,110012
720575940627286012,132475,110016
720575940627301209,132478,110042
720575940627302745,132592,110057
720575940627314238,132676,110067
720575940627322128,132694,110245
720575940627329149,132714,110348
720575940627332233,132746,110454
720575940627332457,132885,110466
720575940627344729,132932,110537
720575940627348861,132936,110583
720575940627387273,132983,110640
720575940627480472,132984,110662
720575940627480842,133121,110696
720575940627554953,133548,110712
720575940627572815,133579,110729
720575940627627657,133588,110869
720575940627629585,133674,110900
720575940627633992,133711,110938
720575940627641416,133719,110968
720575940627651093,133760,110979
720575940627657853,133796,110982
720575940627658795,133800,111010
720575940627664773,133843,111032
720575940627672074,133942,111046
720575940627674255,133943,111279
720575940627683727,133986,111283
720575940627693114,134027,111362
720575940627706122,134040,111446
720575940627714570,134074,111508
720575940627719496,134185,111588
720575940627719752,134218,111767
720575940627724968,134260,111797
720575940627733125,134309,111816
720575940627749116,134326,111906
720575940627760015,134328,112019
720575940627773071,134460,112034
720575940627777129,134488,112066
720575940627778703,134516,112179
720575940627781690,134619,112193
720575940627798570,134629,112306
720575940627800007,134638,112326
720575940627810386,134689,112362
720575940627818121,134695,112416
720575940627820304,134766,112545
720575940627837256,134845,112581
720575940627844117,134860,112689
720575940627853882,134890,112784
720575940627866643,134930,112801
720575940627903144,134938,112806
720575940627906429,134972,112900
720575940627916616,135009,112936
720575940627953295,135019,112945
720575940627996924,135023,113038
720575940627998632,135035,113048
720575940628004113,135036,113200
720575940628011066,135149,113251
720575940628030863,135164,113307
720575940628037397,135204,113350
720575940628074056,135318,113385
720575940628144714,135355,113420
720575940628169896,135382,113463
720575940628182661,135384,113488
720575940628211219,135424,113580
720575940628223431,135539,113648
720575940628234312,135625,113665
720575940628260096,135636,113703
720575940628262120,135648,113740
720575940628268821,135678,113748
720575940628303089,135766,113794
720575940628304124,135767,113808
720575940628319484,135869,113934
720575940628363090,135937,114042
720575940628434950,135989,114196
720575940628491268,136013,114262
720575940628525673,136018,114338
720575940628533703,136148,114380
720575940628538118,136169,114389
720575940628577167,136239,114497
720575940628605702,136385,114500
720575940628649468,136885,114517
720575940628649922,136962,114528
720575940628716791,137068,114574
720575940628717062,137074,114584
720575940628781211,137099,114618
720575940628788585,137124,114671
720575940628810570,137324,114702
720575940628812670,137354,114713
720575940628823811,137411,114743
720575940628831531,137448,114778
720575940628880912,137466,114784
720575940628885763,137569,114808
720575940628913769,137582,114812
720575940628927492,137591,114832
720575940628930364,137759,114873
720575940628954088,137822,114899
720575940629047814,138035,114907
720575940629050630,138047,114936
720575940629099779,138081,114999
720575940629119787,138279,115152
720575940629119985,138322,115162
720575940629148944,138343,115185
720575940629157275,138398,115235
720575940629166635,138498,115239
720575940629181712,138536,115274
720575940629181739,138538,115464
720575940629205291,138824,115472
720575940629223111,139183,115497
720575940629247224,139200,115560
720575940629286991,139370,115583
720575940629304139,139500,115686
720575940629329516,139549,115750
720575940629337243,139578,115772
720575940629383184,139611,115857
720575940629397915,139798,116063
720575940629400619,140080,116083
720575940629421304,140142,116086
720575940629453467,140159,116109
720575940629470107,140359,116114
720575940629481515,140367,116267
720575940629485765,140409,116307
720575940629486927,140446,116442
720575940629491611,140493,116542
720575940629494210,140604,116924
720575940629538307,140799,116968
720575940629599350,141022,117018
720575940629599899,141026,117028
720575940629601786,141167,117151
720575940629609283,141197,117282
720575940629614065,141267,117298
720575940629627547,141472,117373
720575940629676666,141494,117415
720575940629699415,141608,117429
720575940629703503,141654,117470
720575940629842719,141693,117491
720575940629871207,141730,117538
720575940629939791,141787,117776
720575940629955884,141795,117785
720575940629991162,141822,117845
720575940630021963,141857,117857
720575940630024826,141868,117873
720575940630028154,141898,117890
720575940630049836,141902,117899
720575940630050686,141973,118106
720575940630055806,142086,118174
720575940630087294,142282,118187
720575940630109660,142334,118206
720575940630113218,142359,118268
720575940630117570,142391,118398
720575940630184826,142472,118566
720575940630195326,142479,118765
720575940630237687,142503,118788
720575940630238007,142614,118797
720575940630245431,142690,118817
720575940630250490,142727,118859
720575940630342615,142760,118873
720575940630359875,142777,118891
720575940630360119,143075,118998
720575940630375419,143162,119049
720575940630377975,143226,119118
720575940630383159,143240,119198
720575940630405676,143266,119213
720575940630452183,143299,119247
720575940630495804,143315,119366
720575940630507740,143319,119589
720575940630546231,143325,119601
720575940630617337,143329,119694
720575940630620985,143482,119764
720575940630640604,143538,119913
720575940630654459,143760,120109
720575940630676217,143890,120201
720575940630698496,144020,120266
720575940630707193,144070,120295
720575940630725340,144093,120385
720575940630729580,144245,120443
720575940630745196,144270,120521
720575940630754942,144332,120580
720575940630759223,144437,120582
720575940630812111,144446,120606
720575940630845435,144751,120823
720575940630852663,144775,120884
720575940630887442,144963,120885
720575940630904057,145260,120956
720575940630963451,145314,121071
720575940631000940,145377,121119
720575940631020027,145677,121126
720575940631083727,145743,121172
720575940631102223,145810,121222
720575940631103094,145822,121316
720575940631110252,145849,121338
720575940631169017,145892,121348
720575940631184633,145911,121508
720575940631185452,146037,121592
720575940631219318,146300,121602
720575940631246380,146809,121752
720575940631259679,146937,121821
720575940631264042,147058,121837
720575940631306255,147079,121885
720575940631308027,147119,121893
720575940631336187,147157,122147
720575940631350287,147175,122260
720575940631358735,147269,122281
720575940631492153,147343,122344
720575940631514699,147354,122578
720575940631539019,147383,122729
720575940631555535,147475,122776
720575940631637304,147631,122884
720575940631652114,147676,122959
720575940631661586,147712,123150
720575940631752515,147733,123176
720575940631763596,147749,123178
720575940631794730,147766,123189
720575940631821672,147785,123236
720575940631824938,147831,123512
720575940631915083,147956,123593
720575940631920983,147963,123672
720575940631961144,148007,123693
720575940631980136,148330,123726
720575940631980172,148530,123782
720575940631994680,148565,124102
720575940632015427,148667,124193
720575940632043215,148777,124243
720575940632046393,148855,124335
720575940632066408,148907,124411
720575940632085048,148919,124484
720575940632150412,149015,124535
720575940632161361,149040,124545
720575940632178503,149213,124652
720575940632183948,149698,124786
720575940632211986,149711,124869
720575940632244281,149834,124912
720575940632276049,149851,125115
720575940632309560,149917,125135
720575940632347459,149969,125235
720575940632356370,150163,125322
720575940632358930,150439,125354
720575940632388675,150684,125380
720575940632397393,150754,125383
720575940632403779,150981,125567
720575940632405668,151625,125581
720575940632485945,151640,125622
720575940632520495,151808,125701
720575940632534355,151842,125722
720575940632537252,151876,125770
720575940632540753,152123,126027
720575940632542289,152131,126089
720575940632560865,152143,126182
720575940632588113,152197,126328
720575940632588236,152206,126489
720575940632605092,152222,126545
720575940632610444,152306,126551
720575940632611409,152569,126674
720575940632642847,152947,126801
720575940632651940,153094,126890
720575940632669922,153300,127068
720575940632700487,153467,127086
720575940632779603,153604,127296
720575940632887085,153656,127369
720575940632980132,153717,127420
720575940633050705,153799,127474
720575940633070673,153985,127495
720575940633169060,153992,127613
720575940633192930,154462,127662
720575940633225427,154543,127767
720575940633379991,154556,127788
720575940633487059,154592,127839
720575940633576161,154656,127895
720575940633590445,154836,127961
720575940633628256,154847,128171
720575940633640929,154864,128254
720575940633675693,155124,128458
720575940633702370,155880,128906
720575940633731423,155908,128954
720575940633734734,156009,128968
720575940633773025,156698,129076
720575940633774818,156950,129091
720575940633918489,157000,129199
720575940634020833,157158,129295
720575940634198112,157268,129390
720575940634222687,157546,129417
720575940634246611,157745,129435
720575940634257634,158005,129474
720575940634264601,158010,129478
720575940634300642,158151,129605
720575940634304692,158177,129869
720575940634369643,158356,129957
720575940634372600,158377,130055
720575940634413920,158530,130139
720575940634415385,158560,130164
720575940634610844,158874,130253
720575940634658841,159375,130418
720575940634786972,159658,130442
720575940634880412,159864,130464
720575940634946199,160157,130465
720575940635001445,160215,130532
720575940635018135,160904,130539
720575940635105175,161182,130584
720575940635125600,161401,130611
720575940635135327,162515,130638
720575940635144555,162553,130785
720575940635172975,162634,130799
720575940635204031,162794,130803
720575940635242853,162990,130837
720575940635386010,163014,130952
720575940635400622,163474,131300
720575940635460971,163501,131314
720575940635510623,163510,131389
720575940635565978,163691,131413
720575940635592372,163913,131463
720575940635616154,164044,131466
720575940635693919,164064,131517
720575940635702520,164446,131532
720575940635716020,164464,131582
720575940635747064,164586,131589
720575940635755956,164893,131756
720575940635764728,165262,131830
720575940635826356,165844,131935
720575940635885163,166050,132437
720575940635947700,166086,132565
720575940635988984,166312,132810
720575940636034296,166459,132873
720575940636061432,166785,133052
720575940636092272,166812,133101
720575940636154480,166901,133172
720575940636189541,167041,133225
720575940636247141,167341,133280
720575940636249524,167582,133444
720575940636270703,167659,133557
720575940636384887,168114,133762
720575940636416119,168302,133832
720575940636619365,168546,133921
720575940636622820,168553,134052
720575940636623608,168726,134143
720575940636636783,168871,134193
720575940636687790,169396,134206
720575940636770661,169544,134215
720575940636775086,169621,134330
720575940636842670,169710,134352
720575940636849509,170023,134361
720575940636888127,170024,134396
720575940636904538,170071,134558
720575940636943081,170285,134835
720575940637031280,170383,134870
720575940637205481,170490,134955
720575940637274213,170595,134993
720575940637290659,170912,135014
720575940637297892,170923,135308
720575940637302446,171310,135353
720575940637344910,171822,135708
720575940637407814,171829,135784
720575940637409198,171998,135846
720575940637437808,172002,136090
720575940637439600,172111,136313
720575940637439856,172559,136352
720575940637450864,172690,136593
720575940637612144,172994,136599
720575940637614704,174086,136601
720575940637649380,174866,136703
720575940637662298,174907,136869
720575940637694692,175288,137082
720575940637701598,175472,137109
720575940637761392,176081,137119
720575940637848030,176128,137139
720575940637893598,176144,137355
720575940637918042,176230,137472
720575940638091354,176787,137563
720575940638097892,177636,137604
720575940638123241,177707,137657
720575940638172250,177789,137761
720575940638282980,178061,137861
720575940638291827,178100,138065
720575940638302948,178161,138113
720575940638400163,178508,138137
720575940638403561,178684,138224
720575940638403817,178896,138428
720575940638428479,179286,138472
720575940638430783,179772,138511
720575940638458340,180198,138660
720575940638473050,180358,138665
720575940638514665,181196,138764
720575940638517481,181256,139033
720575940638535502,181660,139398
720575940638553828,181879,139474
720575940638567396,182047,139660
720575940638602054,182472,139717
720575940638618950,182815,139720
720575940638774618,183154,139805
720575940638907520,183676,139806
720575940639003881,183721,139836
720575940639062854,183751,139885
720575940639065690,184284,139910
720575940639122502,184457,139979
720575940639246645,185022,140065
720575940639281717,185946,140183
720575940639295558,186025,140244
720575940639309621,186373,140248
720575940639371453,186551,140554
720575940639455696,186732,140672
720575940639606325,186862,140822
720575940639735203,187065,140988
720575940639737934,187068,141065
720575940639859534,187137,141112
720575940639923261,187527,141137
720575940639962496,187704,141287
720575940639998552,187759,141424
720575940639999139,187774,141714
720575940640012403,187800,141869
720575940640056893,187932,141959
720575940640096419,188128,142170
720575940640106403,188136,142172
720575940640115005,188411,142461
720575940640117968,188547,142469
720575940640149923,188561,142540
720575940640194648,188572,142554
720575940640209267,188727,142621
720575940640224600,189191,142768
720575940640359843,189591,142958
720575940640511872,189867,143028
720575940640512088,189881,143142
720575940640550016,190082,143636
720575940640553816,190088,143656
720575940640632016,190164,143914
720575940640667736,190293,144072
720575940640691408,190300,144157
720575940640698240,190329,144201
720575940640729552,190469,144338
720575940640761728,191229,144468
720575940640785792,191475,144476
720575940640815232,191561,144689
720575940640878544,191630,144855
720575940640881752,192145,145125
720575940640906403,192729,145258
720575940640964304,192868,145385
720575940640974288,193003,145453
720575940640991184,193263,145581
720575940640995536,193269,145765
720575940641080283,193346,145842
720575940641297616,193788,145922
720575940641325813,194029,145959
720575940641343733,194058,146032
720575940641346805,194078,146051
720575940641366480,194820,146584
720575940641387405,195205,146666
720575940641414645,195346,146731
720575940641558491,195678,146784
720575940641596149,195758,146836
720575940641636571,196128,147220
720575940641709787,197052,147350
720575940641960693,197281,147405
720575940642372237,197613,147528
720575940642577371,197730,147584
720575940642613645,198039,147954
720575940642694285,198205,148573
720575940643483172,198222,148592
720575940643751072,198371,148880
720575940643797192,198492,148968
720575940643905480,198563,149146
720575940644277152,198610,149252
720575940644320928,198695,149584
720575940644327584,198942,149585
720575940644357832,199076,149679
720575940644933655,199096,149897
720575940644946980,199354,150402
720575940644967959,200130,150618
720575940645029911,200474,150731
720575940645054920,200629,150964
720575940645393774,201415,151026
720575940645482862,201720,151425
720575940645484084,201825,151612
720575940645554455,202007,151723
720575940645576215,202109,151788
720575940645583383,203256,151822
720575940645621870,203290,151857
720575940645635875,203386,151897
720575940645735534,203614,152212
720575940646440739,203837,152264
720575940646659380,204637,152488
720575940646690595,204818,152561
720575940646748451,204825,152764
720575940646783267,204876,152852
720575940646883875,205006,153053
720575940647050531,205258,153069
720575940647085108,205466,153298
720575940647444276,206320,153374
720575940647465860,206823,154049
720575940647545988,206918,155367
720575940647610756,207150,155378
720575940647755908,207461,155712
720575940647756932,207574,155816
720575940647971460,207962,155843
720575940648340868,208268,156102
720575940648530553,209323,156202
720575940648621956,210611,156576
720575940649851257,210981,156593
720575940649873529,211032,156860
720575940649882745,211291,157533
720575940650489721,211521,157734
720575940651160822,212493,157878
720575940652482806,213844,157898
720575940652522998,214481,157909
720575940652542198,214533,157978
720575940652792310,214555,158433
720575940652891894,214610,158494
720575940652940278,214753,158513
720575940652955126,214987,159071
720575940653057270,215450,159072
720575940653631905,216757,159356
720575940653632417,217094,159496
720575940654864801,217874,159544
720575940655168929,219160,159897
720575940659862401,219180,160096
720575940660165505,219286,160150
720575940660296833,219303,160179
720575940660450689,220066,160434
720575940660817537,220109,160459
720575940604870316,10220,56880
720575940605869758,11641,63804
720575940605907046,12375,64106
720575940606009120,21900,66847
720575940606067377,23373,69259
720575940606543392,27011,71343
720575940607320194,31978,75848
720575940607474098,32128,76801
720575940607866313,33941,77568
720575940607928754,34055,77754
720575940608238770,34629,83177
720575940609000715,35778,87412
720575940609224201,35904,89300
720575940609339915,36489,90966
720575940610785860,37166,93103
720575940611110446,43088,103453
720575940611162066,45206,112102
720575940611358050,53470,118368
720575940611697870,54110,123562
720575940612271578,56737,136636
720575940612509866,57827,138586
720575940612527333,59304,143580
720575940612651048,60154,150568
720575940612698842,60848,151905
720575940612713946,62271,158791
720575940613099798,64681,162079
720575940613134307,66161,181484
720575940613138585,67267,197905
720575940613237490,67609,200662
720575940601263473,10265,27237
720575940603349216,10342,27339
720575940603471811,10616,28269
720575940603487456,13882,29969
720575940603604258,16310,30850
720575940603688226,16737,31566
720575940603818464,18256,33087
720575940604324576,20388,33450
720575940604337632,20825,34593
720575940604386594,22003,35846
720575940604478065,22599,42013
720575940604618417,23014,52711
720575940604629681,25272,55345
720575940604666336,25421,58315
720575940604694496,25845,83630
720575940604732640,29201,83697
720575940604828128,31907,100621
720575940604830129,33357,112243
720575940604889056,34943,113916
720575940604894688,36521,114600
720575940604951840,38089,124357
720575940604979116,38126,131554
720575940605033644,38211,135807
720575940605089964,38494,143877
720575940639153215,144466,221430
720575940618669726,63833,109297
720575940621891166,143304,551492
720575940649894777,68873,53166
720575940626270154,90093,46392
720575940632040911,88605,34804
720575940623203597,514099,45691
720575940629721338,64955,296129
720575940613799917,550381,103748
720575940618518555,539252,180161
720575940629229318,31838,102407
720575940641199579,98062,23934
720575940613191190,547451,182153
720575940629389647,51558,37168
720575940628418503,518827,234727
720575940614466769,18577,111255
720575940627041625,524926,22701
720575940628294641,543319,113771
720575940618072891,115359,170170
720575940624246250,84258,71007
720575940635050265,146973,80472
720575940644085960,49457,33449
720575940619210875,526852,194937
720575940625062920,58645,130820
720575940630380544,106890,80872
720575940611364194,47607,241461
720575940630815737,58278,51102
720575940632287811,94349,544926
720575940627379210,54964,183922
720575940646704675,38864,127551
720575940620604888,515524,115205
720575940638715709,517883,285050
720575940630395518,536970,109999
720575940628452201,56947,244716
720575940615744066,514736,94840
720575940613551530,151754,206170
720575940618937409,95114,192346
720575940621135495,77215,124771
720575940627188617,562463,77973
720575940648679556,169641,177158
720575940619682462,519743,95502
720575940624863239,77720,108053
720575940622071423,545166,83375
720575940620751051,72763,83851
720575940609184604,529678,29268
720575940616418354,531551,30180
720575940613340901,543824,115418
720575940615717526,169669,64354
720575940628155730,48796,60937
720575940636568494,26468,79733
720575940631640362,63619,107001
720575940630141740,77588,72473
720575940614897258,57930,40961
720575940627633978,531729,119274
720575940623159176,62492,71937
720575940611645134,79539,120382
720575940618308189,58328,51624
720575940631693871,174748,135224
720575940615697567,517908,85384
720575940613386733,521512,67961
720575940637812446,78406,53399
720575940630093527,100777,31629
720575940640426403,106004,31274
720575940636805006,537843,38307
720575940622870860,35727,97333
720575940624268727,85084,75716
720575940623412989,51565,37348
720575940616313798,66178,126958
720575940655112865,41113,29730
720575940608240562,39117,54508
720575940630750780,37314,74208
720575940614232738,81512,80528
720575940624275592,59617,105494
720575940650017657,133717,90637
720575940628672273,48623,35764
720575940617678804,80047,84702
720575940631077061,81252,38192
720575940611762581,17622,97074
720575940627285002,44653,120612
720575940622017100,520295,200613
720575940625659796,546958,176261
720575940619757957,527127,101427
720575940637731758,67867,121841
720575940632667362,27388,45482
720575940625754384,175018,50633
720575940635023200,50590,64490
720575940630567550,19780,64694
720575940636081007,541744,135967
720575940632033999,152546,56109
720575940606760137,82991,91942
720575940616404191,532130,128710
720575940637308016,154190,32135
720575940615210602,55559,123780
720575940629968250,74101,66052
720575940627167833,40972,71290
720575940626339074,47637,96646
720575940622347647,135462,50734
720575940626700572,71090,69743
720575940639776957,47342,96209
720575940619986486,533384,31039
720575940620557248,36534,22013
720575940629945538,521571,93351
720575940626101434,55358,78689
720575940638146014,52818,128068
720575940626962716,517291,83551
720575940621546349,138886,96173
720575940621876833,518653,99610
720575940617057622,66319,22604
720575940635699448,149352,73048
720575940609392393,90570,84310
720575940626874928,559420,68643
720575940620026448,47424,56002
720575940609737923,66310,62285
720575940610335698,58817,104161
720575940628362951,515353,183057
720575940625563781,90152,161060
720575940625700656,64654,101831
720575940615933343,117155,113491
720575940606408625,517431,132069
720575940655337889,53703,280503
720575940629146567,59659,156878
720575940644330656,68647,88328
720575940615097553,527337,108592
720575940619019605,27464,93547
720575940644271048,52753,52664
720575940622597914,114625,135061
720575940625879795,519435,81561
720575940623992071,526161,575476
720575940628042756,537599,101742
720575940619708376,35816,49853
720575940629013251,59500,104251
720575940631052591,94873,91147
720575940605749536,26149,54448
720575940618074369,530068,140394
720575940619134075,533513,123921
720575940628882731,59792,90360
720575940620519941,40781,63134
720575940624624125,185055,117205
720575940620084560,24196,45131
720575940614367459,535587,77950
720575940623235277,28645,78461
720575940623756329,54403,71772
720575940616920006,515930,136052
720575940639738813,537175,46214
720575940635956415,102482,169088
720575940605932721,515852,32458
720575940633615585,52142,79133
720575940624936340,542285,69413
720575940620659182,62881,31288
720575940631984963,131315,138072
720575940626354375,195134,75818
720575940634460130,69313,84291
720575940621139439,89088,129151
720575940608932107,126979,83490
720575940612275418,114198,500002
720575940630132071,518917,102808
720575940613264537,60149,61901
720575940620834413,162926,106165
720575940614727475,17793,107536
720575940612188273,67213,93766
720575940634698080,134710,100945
720575940620637867,534566,88130
720575940631186084,50625,82350
720575940611103278,22330,51189
720575940623839157,81343,88353
720575940624953444,92331,76583
720575940623877512,54650,118026
720575940624071175,511897,53571
720575940613844451,546007,51136
720575940621095789,72866,74863
720575940613097330,85794,95768
720575940636613774,535162,105455
720575940616060266,64755,105180
720575940622647536,15940,78634
720575940631293036,551319,29971
720575940640506227,81081,88560
720575940611838613,515919,81805
720575940611930920,79336,133978
720575940620953280,83152,93856
720575940630227194,144092,77214
720575940607755465,512372,111899
720575940647650180,533610,56009
720575940615378482,127161,71045
720575940615712780,84990,95673
720575940614872574,910067,174453
720575940630164780,23006,74218
720575940624858151,59750,70028
720575940635347380,540089,92974
720575940629986919,131012,48457
720575940617626257,68723,82737
720575940622882781,534774,111753
720575940622600918,53063,110271
720575940630525148,189621,115800
720575940629873790,71642,62661
720575940636792718,537106,83863
720575940617416731,54009,39925
720575940619679915,532776,82557
720575940639169152,546688,74973
720575940609761803,75691,103559
720575940628645653,515127,209148
720575940629588540,525575,103874
720575940617004091,135878,93177
720575940628412103,56759,82230
720575940628834409,81032,61129
720575940630835141,536438,87653
720575940622747376,47857,150851
720575940635889855,537984,32149
720575940616145164,74167,77294
720575940623522195,123975,77345
720575940627190814,530630,52247
720575940624436553,17125,74388
720575940627630568,524987,115866
720575940630745964,532629,91171
720575940617829844,101363,95613
720575940631076683,125583,131630
720575940644134856,72460,111584
720575940636733029,523413,110638
720575940631162127,31734,145212
720575940607218443,168800,83844
720575940629375306,517365,78957
720575940630868215,129765,76142
720575940622045172,517293,132112
720575940631579211,114874,90483
720575940635981816,92058,122336
720575940631775769,40189,105823
720575940625133576,545089,47127
720575940608884572,539837,109293
720575940635726431,546249,104133
720575940633311396,28965,94013
720575940617955289,535359,69025
720575940627346434,524951,108907
720575940644892964,67506,51534
720575940630714875,514836,29661
720575940631858706,512646,107416
720575940617652881,11010,80983
720575940633670039,15797,56701
720575940614852502,519749,93164
720575940616104646,72455,90318
720575940634345372,113859,113107
720575940617083771,91190,60440
720575940620945134,71614,104027
720575940626059920,67878,71537
720575940620211627,51793,150946
720575940620655531,127684,34352
720575940621923572,106644,50114
720575940615221398,529628,177924
720575940631586501,534357,102606
720575940616571579,540425,83535
720575940629063921,539409,53287
720575940628089107,85577,111015
720575940617612893,160899,38313
720575940630312314,90265,102478
720575940617607965,534801,206627
720575940612817075,58294,90676
720575940614337233,63790,106294
720575940623484944,85277,25804
720575940612347086,139760,152786
720575940626467216,134896,155041
720575940617350356,80481,114794
720575940620447909,97236,109774
720575940621413473,70122,47004
720575940644798756,133507,108367
720575940640101976,519164,104250
720575940612307186,75095,120309
720575940630547932,115093,38225
720575940635864171,529627,103523
720575940613059546,51224,132469
720575940621950573,64738,117093
720575940626345288,97764,47274
720575940623963795,106761,178554
720575940617356505,122085,38660
720575940623033932,122216,53337
720575940620606123,512679,54863
720575940632414008,86355,128355
720575940641304528,30324,65694
720575940631608874,531486,77156
720575940628151016,146120,125745
720575940620996289,132681,114831
720575940632480799,529872,154441
720575940627170846,223235,112444
720575940634256026,177635,140374
720575940623844819,85605,61453
720575940641710837,134132,112029
720575940627921418,26697,110620
720575940629153589,551587,235834
720575940617727010,72285,61393
720575940639988083,107546,86618
720575940634259993,56333,41548
720575940637757150,154158,136985
720575940633373869,39348,108774
720575940632023353,95611,27197
720575940626691356,545029,122170
720575940612042901,128486,63784
720575940605807904,84000,245865
720575940619905616,120276,552320
720575940614338344,148502,110977
720575940635345760,213506,39236
720575940611865806,536960,52330
720575940627518995,548922,152870
720575940639590470,56887,53475
720575940610226756,135048,85774
720575940606369713,95623,48690
720575940633245860,119337,94835
720575940619161910,73700,87074
720575940629257883,82070,107277
720575940609478339,535207,82616
720575940628936700,155287,72801
720575940625731728,92772,78182
720575940618557190,108312,57155
720575940639834995,88999,122419
720575940624062797,136521,129460
720575940615358206,125021,107983
720575940640305536,549182,145189
720575940623442470,531365,103385
720575940618801728,545918,114320
720575940620152149,122465,112415
720575940634577433,146383,108512
720575940639065926,518939,65036
720575940625371144,557007,104466
720575940635845786,158588,126039
720575940623142012,534373,113841
720575940620502337,70941,64652
720575940611222904,136946,118347
720575940609473656,530971,123759
720575940604936364,75620,210031
720575940629651559,102471,178932
720575940628009704,164081,108237
720575940615230114,120527,104494
720575940616700172,517950,95938
720575940633499361,149535,130865
720575940638636120,79043,120712
720575940634566626,76555,130047
720575940618693661,556438,83476
720575940613609709,529658,77616
720575940625579964,153263,67771
720575940626214500,41084,84865
720575940632007992,122318,135611
720575940648042617,54850,75021
720575940638207066,84534,63094
720575940627612177,131169,164624
720575940629147445,543461,58047
720575940614694055,49460,128454
720575940639926094,87485,139563
720575940608156290,80050,80985
720575940629800347,72108,500163
720575940616202969,531656,95469
720575940634919066,96796,177362
720575940625241075,102177,123470
720575940631187260,542713,121933
720575940621959265,532554,156469
720575940616232916,516342,122635
720575940606705673,38356,283691
720575940631211064,82286,243554
720575940626007433,98195,111917
720575940619062299,561708,79351
720575940632855972,143934,92651
720575940622780404,545503,49638
720575940623425416,532299,146357
720575940627543685,56863,181043
720575940610765991,76006,30374
720575940631491602,72119,61050
720575940642284429,49980,160181
720575940608019241,542272,198541
720575940623209983,45312,59100
720575940639888472,514215,305390
720575940627933444,48834,135179
720575940620195032,62597,529749
720575940629823735,518571,78453
720575940619836632,144701,70212
720575940617449433,517195,74504
720575940636695909,71479,80818
720575940629316405,64333,131908
720575940635658906,125228,84149
720575940618991133,82240,60229
720575940618153985,56804,95961
720575940634358497,109773,115591
720575940616174092,517114,210379
720575940627069258,109738,48961
720575940648184452,66772,165973
720575940616074764,515732,100314
720575940636415599,14913,126524
720575940635552111,527507,58902
720575940623803430,531423,101495
720575940628870218,23309,93958
720575940625189356,25556,107896
720575940616864340,76230,114218
720575940612718554,71250,183570
720575940615198314,518818,101386
720575940622238814,140836,107704
720575940646081902,85882,115920
720575940630774267,40175,211484
720575940635544730,69803,71702
720575940625951888,70498,193994
720575940644746400,542679,94884
720575940617972549,130923,130786
720575940612946325,533464,85995
720575940628560583,72202,151923
720575940623270755,51835,156733
720575940622410503,533252,121541
720575940619703256,531911,143526
720575940625157629,96247,137248
720575940616778838,108018,91180
720575940617623389,83592,107956
720575940626097040,513254,204114
720575940623836685,126152,27015
720575940631241679,52000,31163
720575940626163386,104877,96600
720575940639219007,54427,170766
720575940622093951,59342,177772
720575940623936403,54468,106949
720575940638855808,165372,42821
720575940638362857,31511,105301
720575940620793697,104467,122280
720575940612686563,18533,125162
720575940630100858,62673,92827
720575940629089323,72271,105230
720575940612422513,57824,202662
720575940615948082,534779,138905
720575940628994101,40332,128167
720575940631539754,42375,327734
720575940653132534,514640,37542
720575940629862010,515523,75044
720575940635516768,30829,197760
720575940632459857,39288,130927
720575940628969781,15969,85118
720575940639850915,516893,110484
720575940636149428,78836,95787
720575940614669777,544762,24465
720575940645670510,136061,111969
720575940636787086,521568,85534
720575940604609201,527106,106932
720575940613239794,50239,81508
720575940607230473,85891,200269
720575940614664657,80932,104570
720575940632590244,83638,89304
720575940628795121,545593,31984
720575940610889058,520360,31857
720575940620014445,47096,86071
720575940631259351,54447,291217
720575940621603504,111552,24706
720575940627830842,62718,30359
720575940622204454,515198,27959
720575940620857003,52592,26433
720575940630918395,533838,78442
720575940624654600,80671,132139
720575940627408466,536898,42983
720575940622318430,135914,31940
720575940645149384,129904,92621
720575940621930273,24203,34923
720575940646254371,142456,139802
720575940624232629,532621,526746
720575940637441966,40774,159207
720575940610200132,92034,26686
720575940615479806,134051,35012
720575940614186919,513806,36843
720575940632366161,181137,116658
720575940644286408,580671,53207
720575940634115553,536878,113072
720575940638595135,62800,59051
720575940614827922,96696,92028
720575940632482385,66460,208835
720575940638804345,48330,86619
720575940633910809,122158,295542
720575940618984020,110807,167438
720575940605286060,32191,120757
720575940646787107,162112,70775
720575940618251494,529219,35914
720575940634674272,60341,130815
720575940626639106,170877,113543
720575940638892614,85625,27688
720575940644858478,71056,108247
720575940635098522,537050,59687
720575940650459513,544860,86196
720575940625835152,77664,35200
720575940618599509,73175,153529
720575940610291524,534563,71355
720575940631568459,77671,236335
720575940640791203,542890,102772
720575940636504175,548212,30717
720575940605291185,534802,32659
720575940609850307,520554,107654
720575940620514309,108600,45638
720575940619481560,44628,33150
720575940636860783,518055,40443
720575940622758870,151164,100670
720575940620230360,549363,34316
720575940624177917,152790,53795
720575940615886278,539796,133407
720575940620865549,111994,116253
720575940630672471,150606,125127
720575940622801669,65006,78183
720575940617468253,514513,99526
720575940623492074,104979,149296
720575940639509968,105440,82325
720575940636754910,98806,21676
720575940631316705,533987,105822
720575940639812942,65174,36028
720575940628145832,543980,71017
720575940614890159,114267,247008
720575940647338019,31960,468158
720575940625750032,519833,80213
720575940621745904,199581,54196
720575940640265277,73714,83447
720575940632065337,56050,109703
720575940629040437,41722,125193
720575940640545499,82546,88835
720575940617218875,34910,45746
720575940623433156,83488,73903
720575940613490034,148762,77691
720575940629781754,54155,138730
720575940624979720,160976,107125
720575940639258301,146527,49748
720575940640201661,120650,100591
720575940630148204,61307,34074
720575940623787146,86164,109166
720575940605501641,542315,102060
720575940632889171,129307,75405
720575940629760871,580023,26024
720575940637310064,518768,112794
720575940633139148,550780,61905
720575940627425034,64377,98353
720575940612977049,73865,79780
720575940609905362,535110,124959
720575940622850997,153537,70399
720575940616374358,142171,79435
720575940617446301,112590,66472
720575940638274367,185077,91706
720575940621157748,151844,76701
720575940620476837,73829,38355
720575940634074475,114604,101414
720575940618680354,155991,80428
720575940614753938,134824,250067
720575940617180603,123955,86340
720575940614114344,142127,77556
720575940613433241,537188,33758
720575940622105880,80482,83876
720575940615219050,170060,168756
720575940623620301,73593,214309
720575940626687772,583843,157980
720575940620146299,56654,25056
720575940635392363,103915,101438
720575940614963468,134917,182045
720575940618139220,526373,104423
720575940640362368,124950,107855
720575940615409013,72150,733559283
720575940632951343,530093,77460
720575940631377483,525800,112414
720575940643582880,513325,36639
720575940627026193,61215,85749
720575940628641323,91937,97125
720575940629412507,97427,195337
720575940640075739,110179,148669
720575940618044701,151316,89168
720575940628997163,89909,354532
720575940627847701,159399,86034
720575940632194956,137212,500325
720575940620987307,65870,163912
720575940627534858,527281,76332
720575940614735250,45938,100256
720575940633438765,16345,183475
720575940609868949,114427,133311
720575940624255159,543783,77008
720575940619250078,108773,115820
720575940626663452,66669,80793
720575940621752444,133360,57759
720575940632264100,63910,227698
720575940625022183,126925,37882
720575940619239222,57321,116794
720575940638825279,210003,114644
720575940612246707,530378,105171
720575940623994346,515779,168576
720575940628144872,51957,554776
720575940622510832,518935,148605
720575940622757895,519428,162798
720575940612402418,47622,118384
720575940618009378,140387,88637
720575940628154567,532349,102441
720575940618282781,515497,155744
720575940622240380,60242,145134
720575940625833805,76680,104156
720575940609439022,91518,116710
720575940629332021,59216,78638
720575940623074147,524354,130634
720575940633895138,539470,31995
720575940615260839,53593,56845
720575940622757648,63232,150237
720575940617837798,67364,500077
720575940617679761,47298,88351
720575940633734300,100471,118244
720575940629734231,66475,165833
720575940631401231,107004,46382
720575940620592856,526795,165007
720575940625445363,522786,109580
720575940615732127,71022,156212
720575940620587691,531305,95812
720575940615186282,89931,500008
720575940629425451,51309,206691
720575940644281504,113585,99861
720575940621431718,82301,72206
720575940626139834,541771,69258
720575940638251098,21498,117561
720575940629092651,65586,80206
720575940616993478,100292,173239
720575940639203654,166759,269309
720575940624667623,87080,192432
720575940604887986,529908,284176
720575940619752497,543967,66958
720575940631451151,107897,74745
720575940637237902,114976,176837
720575940613980200,110410,106464
720575940615080086,138075,78181
720575940614622462,66204,209574
720575940613765091,73789,156142
720575940636499374,571219,192091
720575940614213347,580849,177915
720575940619276702,185125,36174
720575940629244542,105868,109339
720575940627906590,66356,127887
720575940635779252,124812,188047
720575940634025901,89643,145505
720575940612158065,140824,97151
720575940632492369,517951,151607
720575940616775508,113986,109151
720575940625783634,211195,125800
720575940618524830,115803,147777
720575940630666233,534930,79689
720575940624177845,42584,160698
720575940614298065,106589,92925
720575940622900323,20970,85860
720575940611125112,160628,135932
720575940607788233,97006,178464
720575940628636303,103787,75219
720575940632776356,44583,149890
720575940639892595,74171,175523
720575940628972853,28935,84577
720575940608259970,536615,101060
720575940635712948,57544,131078
720575940626984394,529837,71452
720575940626497482,52857,117623
720575940631524972,527071,101855
720575940618226717,119099,566551
720575940638632794,531965,81194
720575940620981440,526317,74090
720575940629627386,77932,36973
720575940622463052,520424,62695
720575940624879596,72628,136368
720575940624798389,189470,115544
720575940621422913,545510,36549
720575940631141164,119605,219030
720575940639737971,139811,120387
720575940609360686,135981,113555
720575940641887963,53263,125140
720575940606817737,532111,34395
720575940627798654,526159,103280
720575940655639969,108647,43507
